DATA_SIZE	MILP_EF1_SCORE	BPS_EF1_SCORE
10	0.8074574091931855	0.7919057686499548
10	0.8717083051991898	0.8602150537634409
10	0.8771448181194236	0.8368657675016056
10	0.8466295609152752	0.8351776354105999
10	0.8007675087943716	0.7977156597535316
10	0.8503329828250964	0.8169014084507044
10	0.7766345834716228	0.7550575785869903
10	0.8248945147679326	0.8074901445466491
10	0.8188920454545453	0.8010610079575596
10	0.8032612548741581	0.7581496429680223
10	0.8277858176555715	0.8277858176555715
10	0.8613728129205922	0.8137603795966786
10	0.7793713762587732	0.7793713762587732
10	0.8152821591307395	0.8123157549950868
10	0.8084656084656086	0.8046128500823725
10	0.8226600985221676	0.8139381985535831
10	0.8734835355285963	0.8734835355285963
10	0.8318950638591647	0.7867758568395512
10	0.8861101723555256	0.8515352959797404
10	0.853416149068323	0.8304093567251463
10	0.8367729831144465	0.8228369629193644
10	0.8829541707879988	0.8348383338188174
10	0.8898332788492972	0.843596415148887
10	0.8295528191834091	0.8295528191834091
10	0.832818400274631	0.7926350739511018
10	0.8164251207729469	0.7871437234687689
10	0.8856479946967186	0.829382499268364
10	0.8038499834052438	0.8038499834052438
10	0.837126600284495	0.796812749003984
10	0.8539868829823954	0.8369389731998708
10	0.8288349846258968	0.7977156597535319
10	0.7880492091388402	0.7673343605546994
10	0.8098477486232588	0.783084879829632
10	0.8009259259259257	0.8009259259259257
10	0.7893217893217894	0.7389659520807063
10	0.7980424143556282	0.7748851454823891
10	0.8331024930747922	0.7834549878345498
10	0.7976064765927492	0.7658130206726319
10	0.8220338983050847	0.8220338983050847
10	0.8653908530651961	0.8515647430376113
10	0.8067166845301894	0.7935978659553183
10	0.8224363386097728	0.7900786448880821
10	0.8274672187715666	0.7871437234687689
10	0.835149863760218	0.8009592326139089
10	0.8765228844254197	0.8361943555426243
10	0.8819959541469994	0.8116458704693998
10	0.8280071813285459	0.7926298157453937
10	0.859619873291097	0.8231832892027067
10	0.8589157413455258	0.8445984979780474
10	0.7970401691331923	0.7646695491043854
10	0.8326875660443818	0.8081605791378743
10	0.8052568697729989	0.8052568697729989
10	0.8556361239288068	0.8351776354105999
10	0.85662100456621	0.8522238163558106
10	0.8619481429572531	0.8619481429572531
10	0.8452119309262166	0.8183161004431315
10	0.84375	0.84375
10	0.8700410396716827	0.8309859154929576
10	0.8358523725834798	0.8098522167487685
10	0.8207547169811321	0.8207547169811321
10	0.8193303853442832	0.8116458704694
10	0.8120353982300884	0.8092561983471074
10	0.83008356545961	0.8268229166666667
10	0.834920634920635	0.8059701492537313
10	0.8097529675970482	0.7940910461260174
10	0.8400412796697626	0.8329578371419375
10	0.8795499669093315	0.831092928112215
10	0.805635838150289	0.7373737373737375
10	0.8249641319942611	0.7918340026773761
10	0.8457869634340224	0.8457869634340224
10	0.8424262961707896	0.8063264697105341
10	0.864010989010989	0.8374035989717222
10	0.7450244085617724	0.6940907606921319
10	0.8210896309314586	0.8111658456486043
10	0.7635714285714286	0.7500000000000002
10	0.7915407854984895	0.7915407854984895
10	0.8265916285613787	0.8130134735458429
10	0.8442752933713924	0.8070384730092455
10	0.8294198895027625	0.7864077669902912
10	0.8497765555173599	0.8382116436153103
10	0.8696726374305128	0.8365328679464805
10	0.7663043478260868	0.7663043478260868
10	0.8551215010765918	0.8409156766154738
10	0.8255289628858827	0.7816021931160524
10	0.8086785009861932	0.8086785009861932
10	0.8776486671223513	0.8776486671223513
10	0.8210457940889899	0.8210457940889899
10	0.8071154516916639	0.7756351392715028
10	0.7803302225412779	0.7445072190834903
10	0.7948548812664908	0.7623762376237623
10	0.8364912280701753	0.769230769230769
10	0.8288516292312558	0.809878012496281
10	0.8165456267761289	0.811998811998812
10	0.7934705464868702	0.7569919204474829
10	0.7805907172995782	0.7669543773119606
10	0.8592010478061559	0.8419224088013898
10	0.8046380885453268	0.7677141096734442
10	0.8198324022346368	0.7745098039215688
10	0.8105726872246697	0.8105726872246697
10	0.764490095377843	0.7204094689699295
20	0.7371134020618556	0.732394366197183
20	0.699519838261309	0.699519838261309
20	0.7006293077614624	0.6870229007633587
20	0.7631264916467779	0.730277185501066
20	0.6821152703505645	0.6479022835900158
20	0.7424203821656052	0.7220382165605097
20	0.7349926793557833	0.7019659239842725
20	0.7307320219284102	0.7307320219284102
20	0.7214983713355051	0.7106076210092689
20	0.6589383770591825	0.6479634950143653
20	0.6920245398773007	0.6710791366906476
20	0.6976628543013427	0.6813914964108229
20	0.7414873331517297	0.7414873331517297
20	0.7710323574730356	0.7710323574730356
20	0.7161212121212122	0.6933333333333334
20	0.6793802145411204	0.6592885375494071
20	0.7204216073781293	0.6877470355731227
20	0.6477187733732237	0.6233006367234555
20	0.6936321399289422	0.6936321399289422
20	0.67345418425627	0.6572925282602701
20	0.7894890510948904	0.7644444444444444
20	0.6615639222176251	0.6353677621283255
20	0.7706185567010309	0.7706185567010309
20	0.7253440366972477	0.7253440366972477
20	0.7580363817592823	0.7348544453186467
20	0.7339660626977281	0.7299428882240958
20	0.7286995515695069	0.7239915074309979
20	0.7321760694358338	0.7321760694358338
20	0.7489779231398199	0.7489779231398199
20	0.6735688185140073	0.6572904707233066
20	0.7135634205319851	0.6552361741469154
20	0.7083050463905859	0.6836142580823432
20	0.7285828662930345	0.7285828662930345
20	0.6971637694419033	0.6833378635498778
20	0.7335441218741017	0.7006960556844548
20	0.7195676905574517	0.7029063509149623
20	0.7629783447048353	0.7250066295412356
20	0.7332635983263599	0.7224061810154526
20	0.7539029236446211	0.7424120333064733
20	0.7355038759689924	0.7089051094890512
20	0.7183782878204055	0.7031933862862702
20	0.7142857142857145	0.7142857142857145
20	0.7338996985475472	0.7338996985475472
20	0.745005875440658	0.7181913774973714
20	0.7167630057803469	0.6858281161070006
20	0.7119307069013692	0.7102408044456205
20	0.6909169177787343	0.6708268330733228
20	0.7147277227722774	0.710955710955711
20	0.6937291729778855	0.667237932019423
20	0.7114200595829197	0.6775712515489467
20	0.6796276013143483	0.6796276013143483
20	0.7100238663484488	0.7100238663484488
20	0.7017724120215773	0.6709991876523154
20	0.7170758928571429	0.713002114164905
20	0.7463094587206124	0.736132711249352
20	0.7404349022846131	0.7169319071223584
20	0.749865229110512	0.7350383631713555
20	0.705472103004292	0.6909368635437882
20	0.663984855655466	0.6469960895840741
20	0.6835286859962986	0.6644700713893464
20	0.6718306222566485	0.6718306222566485
20	0.6379362670713202	0.6008119079837618
20	0.6546662974245362	0.6439254788769352
20	0.6919083969465648	0.67568345323741
20	0.6605896043444531	0.6568166554734721
20	0.7232069811835288	0.708559606930437
20	0.7551259519625073	0.7215521761929732
20	0.7141650239369192	0.6888829645427886
20	0.7028714107365793	0.6974148061104583
20	0.7497997329773031	0.7295310519645122
20	0.6873239436619718	0.6741333333333333
20	0.7375087966220971	0.7132660595619
20	0.7441585329784087	0.7338732197710136
20	0.6514772158237355	0.6447021613073274
20	0.7510072522159547	0.7510072522159547
20	0.7257882882882881	0.7126865671641791
20	0.7046979865771813	0.680084745762712
20	0.7285963890506696	0.7165657677490368
20	0.7231213872832369	0.7218579234972676
20	0.7101273499090358	0.7101273499090358
20	0.7408554286820205	0.7027728230906439
20	0.7305757406372276	0.6998491704374057
20	0.7715540911587039	0.7558563248308172
20	0.6533212010919015	0.6329456315931836
20	0.7280468334220329	0.7280468334220329
20	0.7851892186223794	0.7851892186223794
20	0.7142857142857143	0.689002557544757
20	0.6830788407603615	0.6811381636843649
20	0.7266355140186915	0.695364238410596
20	0.7117117117117115	0.704815864022663
20	0.6769859813084114	0.652869757174393
20	0.7156976744186047	0.6921875000000001
20	0.6981351981351982	0.6822687224669604
20	0.7598784194528877	0.7056910569105691
20	0.7104677060133631	0.6763527054108217
20	0.7031669350509929	0.7030056036678553
20	0.7157303370786517	0.7079787234042554
20	0.706449668474985	0.6867538374076181
20	0.7684757505773671	0.7489082969432314
20	0.6401104318674817	0.6373701243399761
30	0.618512317627362	0.5868797621259988
30	0.6133676092544985	0.5759465478841869
30	0.659468438538206	0.6085343228200372
30	0.6698092031425363	0.6698092031425363
30	0.6020837951673688	0.5786180268938891
30	0.6503986470161874	0.5946832181754304
30	0.6354459705444316	0.6013353435278913
30	0.5844471445929527	0.5746656760772659
30	0.6920430107526883	0.6487619047619048
30	0.64	0.603819095477387
30	0.6335152617748129	0.6046511627906975
30	0.6645288603848049	0.6322406825325549
30	0.6380100370936068	0.6145272153074495
30	0.6715773431546864	0.6343398721622219
30	0.6624461889085845	0.6440976038689824
30	0.6767446676330503	0.6433352457448844
30	0.6594005449591279	0.6182929157914836
30	0.6556149732620321	0.6271889400921659
30	0.6286668256618174	0.5969574427113422
30	0.629105473965287	0.6225602027883397
30	0.5705244122965643	0.5408560311284046
30	0.6977349648529029	0.5794146662282145
30	0.6198347107438018	0.6095706618962433
30	0.6049638055842812	0.5739153722549547
30	0.6260522817899865	0.584493789988709
30	0.602771362586605	0.5658536585365853
30	0.6351443509888611	0.6351443509888611
30	0.621379673512375	0.5911778080945884
30	0.5518955873213175	0.5050454715335743
30	0.6468276249298145	0.6146083613647284
30	0.6047642197374818	0.5566514313206637
30	0.6893679568838802	0.6893679568838802
30	0.6539566466440324	0.5820727026416799
30	0.6076587938546204	0.5941679456259592
30	0.6295140436914847	0.5974141774409275
30	0.657098121085595	0.6453068592057761
30	0.6067460317460317	0.5877862595419848
30	0.6248065443289853	0.5891414615818149
30	0.6278252134605726	0.5650387950707438
30	0.6634434595756112	0.5902791333203202
30	0.6177083333333334	0.5940298507462686
30	0.6701249705258195	0.6285060103033774
30	0.6224999999999998	0.6022222222222221
30	0.638456996654202	0.638456996654202
30	0.634832500462706	0.6103872925218633
30	0.6556945358788676	0.643562084002754
30	0.6334300217548949	0.608503100088574
30	0.6506612410986776	0.6485683987274657
30	0.5973423328411727	0.5658116457592212
30	0.6498613561885555	0.628145762029394
30	0.6589267285861713	0.6239476145930777
30	0.6521308225966304	0.6469792605951307
30	0.6277395616701328	0.6079532689283307
30	0.6567901234567901	0.6287640449438201
30	0.6226845978178126	0.5840074260708129
30	0.6841984907386235	0.6588053353953218
30	0.6038712859080261	0.5900599224532956
30	0.574350469872858	0.5033674232975804
30	0.647721454173067	0.5943186861961828
30	0.6277100970472845	0.62525320729237
30	0.6638935108153078	0.6618923611111112
30	0.5946620104764281	0.5381897916920453
30	0.6505808757819482	0.6295603367633302
30	0.5929752066115702	0.5493230174081237
30	0.60828025477707	0.576007326007326
30	0.6068515497553019	0.599603220912592
30	0.6728924785461888	0.644901249496171
30	0.624262847514743	0.5979805534779357
30	0.6511627906976746	0.5884158036056772
30	0.6155830753353974	0.5686125852918879
30	0.6058333333333333	0.5746153846153846
30	0.6487138263665593	0.6348408710217754
30	0.6548285088786184	0.5900599224532957
30	0.6189009947891995	0.6117538176770014
30	0.5993657505285411	0.5648218347232753
30	0.5798816568047337	0.5211466165413533
30	0.597530082330589	0.5908877407233443
30	0.6467951591214703	0.627419992097985
30	0.6648246546227418	0.6517203107658156
30	0.6767383304280457	0.6552302815588289
30	0.6304000000000001	0.5838532110091743
30	0.5601099152736432	0.5337720147087285
30	0.6495876469556062	0.6443853652361058
30	0.5820974576271186	0.5322896281800392
30	0.6851808634772463	0.6586399108138238
30	0.5903808908973532	0.5707479752262984
30	0.6748320821809561	0.6499450750640792
30	0.6110159118727051	0.5828316610925308
30	0.5896829152863227	0.543307086614173
30	0.6003844137690023	0.5800877309583942
30	0.5960069016514667	0.5851469598384564
30	0.6613051470588235	0.6502757352941175
30	0.6327160493827162	0.5928171641791046
30	0.6555332887998218	0.6323758628367846
30	0.5874324708558428	0.5702664226154159
30	0.6344012724380823	0.6160353778119593
30	0.5886754801696182	0.5612093399919016
30	0.6385597082953509	0.6056283731688512
30	0.6242890598862495	0.56767724994032
30	0.655860349127182	0.6530789245446661
50	0.5334063526834609	0.5202156334231806
50	0.5416136421481292	0.5280047103849269
50	0.5435431169200169	0.5100133511348465
50	0.5603539077311986	0.5199347858307396
50	0.5461827284105132	0.5299185098952268
50	0.5434931506849313	0.5195906432748536
50	0.5443631588820109	0.49973745405445946
50	0.5077593722755012	0.49284099472494336
50	0.5212055585634362	0.47804581082109426
50	0.5253643239254749	0.5121261717006398
50	0.5398203592814371	0.5214975845410628
50	0.5213549337260678	0.5133089133089133
50	0.5328596802841916	0.4884568651275819
50	0.5282739472466451	0.5080193957478553
50	0.5046928327645052	0.4586929716399507
50	0.5471250740960284	0.47659788626069455
50	0.5348731884057971	0.4946550048590865
50	0.5086447295036252	0.481627695110841
50	0.540035906642729	0.5041136873597606
50	0.5225126590940194	0.45984570633615784
50	0.5486695278969956	0.5102420856610801
50	0.511100339311682	0.4888714117184429
50	0.580068143100511	0.5232974910394265
50	0.5099916237884409	0.5058232193208287
50	0.5700974163490048	0.5245462659922641
50	0.5630853994490358	0.5252110977080818
50	0.5364477190782254	0.5154904229335391
50	0.5386405959031657	0.5006353240152478
50	0.5549361625606904	0.5104886320813968
50	0.551492223623371	0.5083359547027367
50	0.5360283906804504	0.518252691498577
50	0.5406566431420682	0.5204911969226217
50	0.562104903468307	0.5282503414876443
50	0.5155110290886721	0.505119964122879
50	0.5393810381529394	0.5065607319128445
50	0.5715561908165088	0.5287626894218038
50	0.5279220260445793	0.5203817415106902
50	0.5409869915341731	0.5386526377319889
50	0.5141912372554422	0.47505584512285925
50	0.5290219984097536	0.5235493872729957
50	0.5497737556561085	0.5409286740067017
50	0.5259102292429204	0.5054550889254221
50	0.5086983673833528	0.49319701744945815
50	0.5049435028248588	0.48548228346456695
50	0.5120245608050487	0.4991745460003001
50	0.5336362047876988	0.4815954696540686
50	0.5311442536658728	0.5271374917151485
50	0.5236135606505977	0.5081306877517529
50	0.5163010047160139	0.5021666460319426
50	0.525657071339174	0.49389648437499994
50	0.5405603369346275	0.5183374083129584
50	0.560744810744811	0.5385500575373996
50	0.5503038487508443	0.5345838218053928
50	0.4915123456790123	0.45269423558897226
50	0.5181872391174717	0.47903745968742256
50	0.551694673882085	0.5317868154456026
50	0.5368053535059645	0.5310611554266377
50	0.5543098695092813	0.5375561218298751
50	0.5087014725568942	0.48679730649920566
50	0.5451638689048761	0.5146972369194592
50	0.5429020936705796	0.4846831204266403
50	0.5215726697099101	0.5044561103650348
50	0.5493263798348544	0.5301658238268846
50	0.5265951564746212	0.48976817941554013
50	0.5358318561661181	0.5302424099788184
50	0.5471062271062272	0.51024208566108
50	0.5339604371282335	0.5106858291756646
50	0.5415213946117273	0.5315712187958884
50	0.5710684778042291	0.5441591942021863
50	0.5223940820443845	0.5113509490137701
50	0.5231520815632964	0.5092426952892068
50	0.5579907214845624	0.5121803417767543
50	0.5145256087321577	0.48828939301042296
50	0.5293830057690428	0.5124006170641986
50	0.5267949513759571	0.4654338985651807
50	0.5023317788141238	0.48530748258103606
50	0.5582439511100026	0.5323255301974021
50	0.5829463124651683	0.5005499205670293
50	0.5257536606373816	0.5140337986774429
50	0.5388262564534823	0.5175302053220664
50	0.5427338129496402	0.5298113207547168
50	0.5137273150302467	0.49022420170604664
50	0.5333509443930788	0.5042255627851318
50	0.5467122117847995	0.5196150999259808
50	0.5932776098168239	0.5501602754363053
50	0.5501787187242233	0.4932951634774748
50	0.5115637598132825	0.48782700740964774
50	0.5481066745248269	0.5262906879694765
50	0.5390889927596003	0.5197246687883946
50	0.5082239323977666	0.48794133212368646
50	0.5347715736040609	0.5326732673267328
50	0.5375042813106519	0.5028819522419342
50	0.48417599382477805	0.4807049529018535
50	0.5460967855881312	0.517749944415623
50	0.5376048054060818	0.5284379368699875
50	0.5477813658653271	0.5031060549360077
50	0.552918841955387	0.5410292072322671
50	0.5245333543356697	0.518189227235682
50	0.5122307767274145	0.4918181132644597
50	0.5728527607361964	0.5423216444981862
100	0.45952360769687195	0.4492517639761185
100	0.4635737420738106	0.456849658577987
100	0.47364953886693006	0.4646092430523565
100	0.4526624588852342	0.44345863491322274
100	0.4520267611176702	0.4502130956993414
100	0.462622963877494	0.4561349338067852
100	0.43332999899969993	0.42482476175474526
100	0.47540656091421263	0.47485415792885177
100	0.4480625483288943	0.4457178742444462
100	0.46033076074972445	0.4541062801932367
100	0.472622478386167	0.4661400414142188
100	0.4458776905742482	0.4458776905742482
100	0.4387489139878367	0.4264358772619986
100	0.4511151295961421	0.43688940992575215
100	0.4308890330953925	0.4286612193588936
100	0.4558949471881243	0.4503331783666513
100	0.4583513163573585	0.4457569163817222
100	0.4489763147330388	0.44418514196810566
100	0.41745043493619455	0.4156533449518754
100	0.46851951350559273	0.4539867815869828
100	0.4582361926199855	0.4542854934693562
100	0.4414765657403567	0.4319874558996472
100	0.4552188552188551	0.43688940992575215
100	0.46435385949696456	0.4532095901005414
100	0.47432802847440986	0.4640786391736743
100	0.48776181686863	0.4803586353620544
100	0.4682783266764768	0.46065037521647095
100	0.4641299183691098	0.44678289907971874
100	0.4627407641300916	0.4577421344848859
100	0.47530638003338616	0.47100645999770635
100	0.44182171618994737	0.4377441024839869
100	0.4575490032761398	0.43804912335507024
100	0.4396941800592917	0.4396941800592917
100	0.45066474451385546	0.447927983858451
100	0.4698150408412355	0.4557177051965099
100	0.47552845528455284	0.4732824427480915
100	0.4466343564889607	0.43566679702776695
100	0.45616379140959623	0.4524316168220681
100	0.45877898093403313	0.45350417394680653
100	0.442806117776353	0.4275493356395941
100	0.49420268031922915	0.49420268031922915
100	0.4827850331278006	0.4797233096423549
100	0.466983501410301	0.4663164755952609
100	0.4594571813890762	0.45726627584078994
100	0.4336787780413701	0.42686907617886505
100	0.46172363986519016	0.4570282363832742
100	0.4353562005277043	0.4286612193588937
100	0.43328150540206517	0.4303260997527764
100	0.43744569939183336	0.4264358772619985
100	0.47158163062094244	0.46784387329068833
100	0.4753048780487806	0.4662576687116566
100	0.4843768516689708	0.4799543986319588
100	0.46824795694638227	0.4665516580410196
100	0.47668070503821564	0.47584209724127424
100	0.4593520414308081	0.45613493380678527
100	0.4665022777615246	0.4572067728622672
100	0.4345700955343258	0.4192847263386684
100	0.45886213576879	0.4551809369327619
100	0.4395097682320107	0.4327861144849744
100	0.48291465127164923	0.47537734410733345
100	0.4473465094877075	0.4281730332706401
100	0.4537365010799137	0.44660194174757295
100	0.4855866829070239	0.4785247791010372
100	0.44695848925245835	0.4364005941677742
100	0.46084069004616507	0.4552405962771298
100	0.44853896103896107	0.4420365535248041
100	0.41267808548103085	0.41194219469588694
100	0.49084865232888764	0.4830672380446735
100	0.4870176559878566	0.4752611115346499
100	0.4479406377682807	0.4431557233487721
100	0.4314210607700635	0.42525884807684744
100	0.46055938386704487	0.4538074990336297
100	0.45395158191366725	0.45115023568752255
100	0.44279842825527305	0.43389060725891704
100	0.44473289254857407	0.4407281799399678
100	0.4479720744680851	0.4413965087281796
100	0.46846415018973425	0.4636066833109276
100	0.4382590565545999	0.4365839358999414
100	0.4941766293868107	0.49227289860535245
100	0.4596929958320625	0.4540465331993507
100	0.47233706508106116	0.4690167259922685
100	0.4593542106117152	0.4527309299087113
100	0.43381137470401643	0.42414214237875736
100	0.4608583225591191	0.4515775892403331
100	0.43847740161539783	0.42989480295179766
100	0.48776384827972935	0.48295217506731897
100	0.4492237210486129	0.4456604734029015
100	0.4084311169056933	0.4006397441023592
100	0.4817518248175184	0.47438880201380695
100	0.44715312784067435	0.43762206077650184
100	0.4651396734504373	0.4642555478768332
100	0.4775427176566315	0.4721161191749426
100	0.45449838187702263	0.44054580896686163
100	0.4172292400082832	0.40922648637900166
100	0.45801873919767117	0.4487706507407119
100	0.45944743335625576	0.456849658577987
100	0.4704019006137399	0.4647860295528689
100	0.43780511618824447	0.43780511618824447
100	0.4395670475045101	0.43026450043167735
100	0.45578765509659186	0.45368795422916347
150	0.41881332485886263	0.4020028231283458
150	0.4416426994849843	0.43350216698866884
150	0.4199994606402202	0.41609250019798855
150	0.4448310139165012	0.437174411335695
150	0.4341715976331361	0.4316185696361355
150	0.45119260271093853	0.4483293679528293
150	0.42953421381596824	0.42923713283417975
150	0.4227689904315562	0.4095849016593331
150	0.4185785241248815	0.413705583756345
150	0.43847776651415105	0.43337946160474167
150	0.4515149049285268	0.45062001195830187
150	0.44273627458830433	0.4402214885486261
150	0.4419204956117709	0.42639460777885607
150	0.45291555907471304	0.4440641045588921
150	0.45625528317835995	0.45583693638048167
150	0.4390132740842022	0.4336657442698272
150	0.4412750370197179	0.4412750370197179
150	0.46174247447288164	0.45778177612132137
150	0.45555870163968204	0.45555870163968204
150	0.43233556408030693	0.42573400152179053
150	0.4144182236198834	0.4144182236198834
150	0.4178475401496985	0.4094162557658661
150	0.4683778777454352	0.4611438830469351
150	0.4242295128532878	0.4195553682435992
150	0.43627025189773033	0.4325609341936832
150	0.43013539242648624	0.42997697299560406
150	0.47064006219227766	0.46899719316152066
150	0.4153898535921007	0.4145439171334954
150	0.4490680280185208	0.441234542242544
150	0.42726657645466865	0.424038663584787
150	0.4361171910023471	0.43427885493593593
150	0.4253115909151566	0.4239144710919647
150	0.4338578639099571	0.4313315380794267
150	0.45354313851423683	0.45233182005777955
150	0.4363975283924194	0.42804370038512934
150	0.4220320059545962	0.42180019990530804
150	0.42972059848769234	0.42494881083635216
150	0.42449659609915846	0.42159261305342915
150	0.44363324028344425	0.4397753276471811
150	0.4680333289247455	0.4617356749134727
150	0.45710054790463517	0.45221204694956796
150	0.44149874055415606	0.435870698644421
150	0.45001783607277107	0.44732551820510813
150	0.42142800117092905	0.42009637412117856
150	0.43566857527787134	0.430469812702731
150	0.4285799916082241	0.42792013834302794
150	0.4335801163405605	0.43014128728414447
150	0.4345505523088875	0.42944271392299027
150	0.4428254341297818	0.44135602026237164
150	0.44851004851004844	0.44054580896686163
150	0.4421840973070591	0.4419929941966855
150	0.42246103101558763	0.4208032847291677
150	0.4350243982226101	0.4327247080949771
150	0.4357389464305602	0.43407453805198876
150	0.4497593867965305	0.44167986910110896
150	0.44031666820688165	0.4319054961712359
150	0.4379777914178897	0.43104440144343914
150	0.4478128124071223	0.4460386936365284
150	0.4464521089630934	0.4462399005593538
150	0.4666180226194818	0.46515911183873937
150	0.435315757204169	0.433951922324015
150	0.4391887931539772	0.43431971191482727
150	0.43158118748669944	0.4289903644742356
150	0.45089331818651224	0.45089331818651224
150	0.4416360686534029	0.4347689979912868
150	0.42684116870443717	0.42279585721045143
150	0.4346502780216567	0.4280848834162957
150	0.45712432177400325	0.4500929944203348
150	0.43135914159478234	0.43030556718292173
150	0.4334959660703468	0.4276317513561677
150	0.4245762950054808	0.4201795729218778
150	0.43239374587095325	0.4263533361309272
150	0.4542797746377032	0.4452333445622037
150	0.45813292830422186	0.4517327690759425
150	0.4386986939057803	0.43721511733909824
150	0.4584450402144773	0.45543942748288124
150	0.433437215587854	0.42350035471242015
150	0.4650079794887894	0.46244522461112675
150	0.4421351713977531	0.4379474629663376
150	0.45721701046256974	0.45316971306298176
150	0.4590189957140587	0.45352853239857704
150	0.4407608852053297	0.4354220449033874
150	0.43328035787862745	0.42841426999842835
150	0.44247881637315056	0.43941009701667233
150	0.4512931702028806	0.4512931702028806
150	0.4355613449483026	0.43133153807942687
150	0.438841620482398	0.438841620482398
150	0.4609479946267512	0.456671039432055
150	0.44799618320610696	0.4426910299003322
150	0.43693162460361135	0.4357483640534974
150	0.3935874983160447	0.3920675331636071
150	0.442803833659964	0.43949127415537464
150	0.4493107932379713	0.4476067270375161
150	0.4312102948362927	0.42499015618847624
150	0.44857504022063893	0.4459179444674678
150	0.41657096922370235	0.4140410234721929
150	0.4190301379596185	0.4033210921283731
150	0.4588942392183052	0.439572442849341
150	0.43610547667342797	0.4338292873923257
150	0.4328258274868272	0.4190139917261732
200	0.42564345920050606	0.41436584544031074
200	0.4153292808615357	0.410901217646942
200	0.42017940779550683	0.41859729580137583
200	0.41900357700440694	0.41900357700440694
200	0.43789030830247394	0.43250974783000584
200	0.43489045059942094	0.4307571596704588
200	0.43259525234390583	0.4292165717651678
200	0.4192929438288482	0.4156533449518754
200	0.44145723748295346	0.44145723748295346
200	0.42820994204554735	0.425320840878671
200	0.43638475557246714	0.4354526431071912
200	0.4047213482695738	0.40322548452126705
200	0.4332021064471595	0.42884638045484874
200	0.41545441598339816	0.41115370101884785
200	0.4367761944019157	0.4358503108747507
200	0.42961969386144866	0.4281672430053443
200	0.4254839538884384	0.4243594036200342
200	0.4363870058254036	0.43250974783000556
200	0.40724669559479293	0.4066601605289888
200	0.4360905332951336	0.43339991383699517
200	0.432006060741104	0.42143688707354143
200	0.4367061398366357	0.4367061398366357
200	0.4275421001266636	0.42392482121397185
200	0.4302814211129505	0.4226507354390947
200	0.4120997995275999	0.4120997995275999
200	0.4312257403503241	0.42992561772613985
200	0.4249798200539446	0.4249798200539446
200	0.43593950064020487	0.43253780718336493
200	0.4336876870678088	0.426590618546563
200	0.42814479062969946	0.4255997480959597
200	0.43780511618824447	0.43780511618824447
200	0.4397446457990113	0.4362783424550428
200	0.43299506725482956	0.42578563135835035
200	0.4323628759852018	0.42940160201036587
200	0.39518272425249196	0.39228295819935716
200	0.4413514267125196	0.43247903440708535
200	0.4380782918149471	0.4368894099257527
200	0.3956034592936567	0.391830498934588
200	0.44734738442940986	0.4462700771038475
200	0.44178152409158217	0.4342890693805657
200	0.4289904484945725	0.42795103067460544
200	0.4352784035405993	0.43017209238437243
200	0.4332201247926704	0.4327247080949769
200	0.43406151655066255	0.4231171032661185
200	0.429078443234523	0.42488678873794056
200	0.43425842564684686	0.43425842564684686
200	0.42032667876588004	0.41379994051749774
200	0.4090683106294124	0.4090683106294124
200	0.4169700807345259	0.4169700807345259
200	0.43109804703068944	0.42964824120603023
200	0.41881427459335413	0.41313920736303383
200	0.42749532973103244	0.4246696729220406
200	0.4369660436272173	0.43499354434837034
200	0.41615831289436717	0.40963759616722656
200	0.4281857585139319	0.4244214672575087
200	0.44272261294552395	0.44157868079635326
200	0.4286442509634405	0.4265287256849519
200	0.4552909635704148	0.4534488091555831
200	0.45159601248615433	0.45126318846191066
200	0.437242515792365	0.436706139836636
200	0.4233403269862633	0.42277512716375526
200	0.4355776884299039	0.431280271388513
200	0.44594381934062477	0.44466910335173815
200	0.44635480629675106	0.43704210217837247
200	0.42075132755591554	0.42075132755591554
200	0.4065701318348821	0.4022368683842621
200	0.4130522249939648	0.4114313083739125
200	0.4382551388670955	0.4370115661144107
200	0.43801833694636155	0.43385994792584337
200	0.4424050124507993	0.4373779201500117
200	0.4143152668597431	0.4108065156932854
200	0.40617081230108026	0.40411737716690926
200	0.4488943996693531	0.4432769021210351
200	0.42700284668564453	0.41650006927812194
200	0.4168760369755868	0.40605698346284125
200	0.4247360721205171	0.4246386514906857
200	0.41825079951532484	0.41718932394199004
200	0.4275393640012349	0.4247317121197202
200	0.4173329466837898	0.4151511549585958
200	0.41305390470232506	0.41127991262039515
200	0.4470408736850556	0.4439430483155682
200	0.42071628278524814	0.4147743034914595
200	0.4202561117578579	0.41483712451454363
200	0.41756502818712293	0.41756502818712293
200	0.43114099287964874	0.42398083433979455
200	0.4336960420901589	0.43069559417788056
200	0.4418462989526633	0.4402721725058975
200	0.42574486427384944	0.42392482121397196
200	0.4202990520763101	0.41978430055702615
200	0.40734154965560954	0.4040537035928743
200	0.4253546736579489	0.4219973568455728
200	0.43526775292964165	0.42637397222550066
200	0.4406892500489525	0.43963331382874976
200	0.4230386840202458	0.4207201516108651
200	0.426906950491856	0.425444811840655
200	0.4286649084888264	0.4261572662351714
200	0.436278342455043	0.436278342455043
200	0.39589059023687995	0.38859122587922484
200	0.43172378496486297	0.43140330581753306
200	0.450179094757408	0.4476870537100279
300	0.42256042972247115	0.42186246531385224
300	0.4281963517395907	0.42410075249189066
300	0.41238371619972336	0.41147970665325256
300	0.41788675951275633	0.41707448983629897
300	0.411494808017387	0.41139558897508527
300	0.4122604120169352	0.4112062916230852
300	0.4278191834089437	0.42651840973460625
300	0.40749883247714985	0.40732629902448725
300	0.4182460827697532	0.4181803801639821
300	0.4207624105756531	0.4192430808952353
300	0.42595086998180887	0.421322668490916
300	0.4271570767019748	0.42412144770709675
300	0.4151590224305323	0.41427155599603577
300	0.41626874894668864	0.41278239246600756
300	0.4211635288966724	0.4187223276407337
300	0.41598947676118075	0.40891010342084316
300	0.40325728514704895	0.4020241028031162
300	0.41200150287155807	0.4111011069328956
300	0.42429196125710084	0.4211980475482521
300	0.4144496503021662	0.41343293448800156
300	0.4168633745633086	0.4115638154237155
300	0.41944903217282153	0.4186598141925281
300	0.4130367499629942	0.4108696515831709
300	0.41384902294656634	0.4126564194819969
300	0.4138225483655767	0.41164791528788836
300	0.4071347753743759	0.40690341851974754
300	0.4187825108955433	0.41542321404991417
300	0.4015373750543246	0.40068237551977864
300	0.4304826827337261	0.42769355747435184
300	0.40902163159442756	0.4084458473699566
300	0.4211240497916117	0.41732501549702583
300	0.39229515567045087	0.3909032396481444
300	0.4081676316809971	0.4081291537879894
300	0.40663117460745346	0.4041492120486736
300	0.4036914467134824	0.4028535682913196
300	0.44056195965417866	0.4370115661144108
300	0.4210693446592307	0.420616222903697
300	0.42288302970871366	0.42111495598857934
300	0.40720865038045645	0.40658611074226525
300	0.4243860688656265	0.4240593604307571
300	0.43306534735106167	0.4285994892948341
300	0.40734118921847484	0.40489166555895256
300	0.4298537147044199	0.4298537147044199
300	0.41934519766336115	0.4170953700039574
300	0.4216680105978575	0.41788840839573893
300	0.4254113515742425	0.42476272988618885
300	0.4070680976856908	0.406332173497304
300	0.41290055819722976	0.40753765509919737
300	0.42449386865530553	0.42449386865530553
300	0.39554542880640653	0.395099704430862
300	0.42913165266106457	0.425196850393701
300	0.42382955987444043	0.4224018931177281
300	0.40786214468381377	0.4060993265769655
300	0.4148879145649216	0.41179506862368814
300	0.4113674654339381	0.4046583974793604
300	0.41730883224659115	0.41565334495187517
300	0.42250840027111625	0.41986753222811857
300	0.4277258439808956	0.42707527755567487
300	0.42315374998203675	0.42078250227012515
300	0.4096481346497913	0.4096481346497913
300	0.4291567996168483	0.4286200665217507
300	0.40122799496632694	0.39814184453966595
300	0.41711624962076765	0.41711624962076765
300	0.42861214021088634	0.4270340416049496
300	0.41982378854625546	0.41772151898734167
300	0.41704041878087655	0.41464864650628225
300	0.41953597349958954	0.4182012311667086
300	0.42569269521410574	0.42569269521410574
300	0.4285129694409611	0.4283936873813109
300	0.4434781396774956	0.4405660745149509
300	0.40865250302651357	0.40783345937985116
300	0.40931156222418347	0.4066284257488846
300	0.41397790358929243	0.41211030540411775
300	0.42636289666395477	0.4239558707643816
300	0.4336166550110279	0.4325199853701864
300	0.41452296959847806	0.41452296959847806
300	0.42897010679976405	0.427920138343028
300	0.41819962699083557	0.4154022897436911
300	0.41136018576404393	0.4081080364012629
300	0.41089069576502374	0.41089069576502374
300	0.4113266159544386	0.41116421941822123
300	0.409397042422838	0.40624708500459744
300	0.4228960245062827	0.42057464759071844
300	0.40864867922393805	0.4067130490201285
300	0.40828378755835754	0.40812915378798925
300	0.41220173535791765	0.4118581259925887
300	0.4082096518880306	0.40664958240941135
300	0.43079041805156476	0.4276111482369593
300	0.40139831379806695	0.39882580559076647
300	0.42940333873278086	0.42724019974049454
300	0.43776362583739964	0.43231520915527905
300	0.4028653970874359	0.4009381163051012
300	0.41765093304061457	0.41112214498510413
300	0.43861973921339986	0.43472816445789414
300	0.4189374127721849	0.41690742866189123
300	0.40847446191215164	0.40648031339220503
300	0.41819368014977015	0.4149627516246631
300	0.41475602586713667	0.4136217016551212
300	0.4239193199672338	0.42244337229021794
300	0.4141167736119213	0.4132860845189611
400	0.4131392073630341	0.4131392073630341
400	0.4265875558096213	0.4261417849519481
400	0.4197489307777598	0.4190973045609039
400	0.4163276618067722	0.4163276618067722
400	0.4231728523873403	0.4226351850939026
400	0.400969813551341	0.40020797296351474
400	0.41808133039360135	0.41808133039360135
400	0.4210547363159208	0.4193628056310198
400	0.4123738001690951	0.4116741946691812
400	0.41101454469432264	0.4103170423948575
400	0.42733425945083187	0.42672985968396926
400	0.41173120159880106	0.4107275887757637
400	0.4152659244898368	0.41373703725735134
400	0.4296020022574471	0.4296020022574471
400	0.4184181004100192	0.41783104413262534
400	0.42228415607330466	0.41898799381859964
400	0.41057046809461434	0.4105381321836228
400	0.42279979413278446	0.4226507354390947
400	0.4322725659529162	0.43192598690658207
400	0.4143831819968353	0.4131234689120966
400	0.40794918583664874	0.4077542368664602
400	0.43673188477042635	0.436125500928551
400	0.40929302818912405	0.4071994584478158
400	0.4271010489269881	0.4271010489269881
400	0.41234983855764784	0.4115322756785735
400	0.3983949440738324	0.3981578815637982
400	0.4315352697095435	0.43041848967019164
400	0.4124836403906173	0.41159535391641033
400	0.4022506458056623	0.4002719537678597
400	0.4206050004523931	0.4200807733704615
400	0.4156062781601229	0.4156062781601229
400	0.4136862184072485	0.41357975727770285
400	0.41005626771586884	0.40872021323149127
400	0.3960940252680325	0.3957487341454856
400	0.41094145049869635	0.41052234209532923
400	0.41289795593098777	0.4125094257252848
400	0.4094077528709694	0.40803940102482467
400	0.4073918605580874	0.4072628812614478
400	0.40406617828627894	0.4030661130629191
400	0.42156677818701677	0.42098510791579913
400	0.4081027569670376	0.4081027569670376
400	0.4238429033059907	0.42170160295930975
400	0.4181400142709901	0.41747111884791893
400	0.4019176987614859	0.4019176987614859
400	0.4164843974228285	0.4164843974228285
400	0.40175642255085037	0.40103932443911444
400	0.40324141991756735	0.40324141991756735
400	0.43708962898504894	0.4364005941677744
400	0.40979565874214824	0.40979565874214824
400	0.4224174480630244	0.4224174480630244
400	0.41908167672851077	0.41820644383149935
400	0.40802356125129335	0.40802356125129335
400	0.404053703592874	0.404053703592874
400	0.4011826984626952	0.40030394225097227
400	0.4140314811455755	0.41323363151318043
400	0.4173005824259304	0.41466435471885027
400	0.4197396963123646	0.419659436608589
400	0.4117041376345804	0.4100642930251506
400	0.4200339692696603	0.4200339692696603
400	0.39357195326886535	0.3932032497464276
400	0.40699536541133313	0.4046424903530726
400	0.41790926709646814	0.41790926709646814
400	0.4091112904672229	0.4088942809693814
400	0.4083875487939143	0.40811859516466
400	0.4102308755385741	0.40966921119592864
400	0.42810547412268646	0.42810547412268646
400	0.4248515211506608	0.4221529722693388
400	0.4345801250379125	0.4345801250379125
400	0.425475801531225	0.425475801531225
400	0.4297024834029998	0.42944785276073627
400	0.4094551362410116	0.40816610786664403
400	0.39919618186385303	0.39879909932449314
400	0.41825335626865995	0.41825335626865995
400	0.41671633347812453	0.4157317833909279
400	0.42272848256622064	0.42272848256622064
400	0.41105129633067244	0.4090050315215876
400	0.4097385955920041	0.40875186474390846
400	0.4194907566074634	0.41906606327688084
400	0.390617298852309	0.390617298852309
400	0.392619955994267	0.3916041737871689
400	0.43026978045249076	0.43024909984596854
400	0.4223396702689912	0.4223396702689912
400	0.42096517344042106	0.4205486619085696
400	0.41853477246668996	0.41853477246668996
400	0.41139033132440384	0.41139033132440384
400	0.399594889998596	0.3988151231911613
400	0.40087414886836165	0.4006237567348734
400	0.4118633805473112	0.4118633805473112
400	0.4198311194508915	0.4198311194508915
400	0.40354413202690037	0.40354413202690037
400	0.4398463248629992	0.4398463248629992
400	0.41251851630926445	0.4124936747794852
400	0.42023676701454366	0.42023676701454366
400	0.42037713495902873	0.42037713495902873
400	0.4092413188215129	0.40846695579516995
400	0.4098430713881074	0.4098430713881074
400	0.4238717339667458	0.42271293375394314
400	0.41958138661978067	0.41958138661978067
400	0.4062280261175292	0.40558046836073774
400	0.40619988245724126	0.40619988245724126
500	0.42163109531375426	0.41899732810548473
500	0.3994570455567693	0.3987702555562673
500	0.4049956733009384	0.4023517382413087
500	0.3966453127292287	0.3960735881437759
500	0.4144721481994346	0.41283697454984075
500	0.41646004196070974	0.41561569174218904
500	0.42281244085546626	0.42281244085546626
500	0.40072678157962416	0.3997951737822439
500	0.42171179263441555	0.4189098383335313
500	0.4296030039474953	0.42811782828759165
500	0.4223710021999315	0.42162998271684815
500	0.40334363946248264	0.39947502780912153
500	0.3969583584791791	0.39582915580509315
500	0.42549439476004547	0.42549439476004547
500	0.4059118244583126	0.4044547623036486
500	0.3996799359871974	0.3996799359871974
500	0.41597112564854494	0.41425898322286003
500	0.4009803198334441	0.4000127998976009
500	0.40771551478779927	0.4073009325253042
500	0.4104556292679763	0.4089354186886447
500	0.3969523258988068	0.396844990942174
500	0.4056251223685444	0.40348678486186185
500	0.4188389471513115	0.41844723149187907
500	0.4112432784748248	0.409416255765866
500	0.40704645866361905	0.4058791178135036
500	0.4294113435115722	0.4288216948300382
500	0.4235089787918867	0.4216922615571587
500	0.4169574319609214	0.4165188750950093
500	0.4059728892458493	0.4027855420147266
500	0.416360742535851	0.41560314027457596
500	0.3964183299156052	0.3948764456144011
500	0.41220862256453045	0.40899870333394345
500	0.4142904958480099	0.4137307466569373
500	0.41064212842568537	0.40985887497515433
500	0.40154675078258223	0.40136842862509686
500	0.4082367831759319	0.40576475464719547
500	0.41694812643385126	0.41691995947315064
500	0.4309199130790792	0.4302891407402757
500	0.4254510471864744	0.4253952257983241
500	0.4013390306512485	0.4008827127425661
500	0.41558040252083756	0.4123834094066281
500	0.4115141324365444	0.4113114623877989
500	0.40918503593901157	0.40856826844270444
500	0.4034907348191086	0.40162395006673246
500	0.38789697424356095	0.38670646124062275
500	0.40789860489337243	0.40330834510893443
500	0.4014161747153133	0.3999487983615475
500	0.4125850259145494	0.4125850259145494
500	0.4197008070229727	0.4176839640181332
500	0.3912555770155272	0.38926606908437844
500	0.420766681537187	0.4193222053616591
500	0.40604748142363767	0.40531985297049045
500	0.4201338146658978	0.4201338146658978
500	0.4063491051650226	0.4063491051650226
500	0.42554164793475785	0.4250604383056801
500	0.414067134162692	0.4110211572532912
500	0.4176108618841556	0.41703272784835144
500	0.4108807092232506	0.4105918161372612
500	0.42195135561738206	0.4207326221365911
500	0.4094525416544397	0.40606968663330073
500	0.4102858692963767	0.4093783055107087
500	0.413328044426815	0.413328044426815
500	0.41301728883605476	0.41195480423372804
500	0.4061459014041859	0.4061459014041859
500	0.41543031432416716	0.41484968812167616
500	0.4191597834248905	0.4191597834248905
500	0.4171235802264667	0.4091505659446862
500	0.39975761197994475	0.3983086138962743
500	0.41522649908352977	0.41279918735318394
500	0.42803612984656614	0.4272401997404944
500	0.3944578776951327	0.3938452148633562
500	0.39872140811158613	0.39801353678561413
500	0.4017644520449423	0.4017644520449423
500	0.40504304624493814	0.39997434828614487
500	0.41446012367211027	0.41446012367211027
500	0.4085698056753362	0.40760527719611134
500	0.41091726460448086	0.4103391541414637
500	0.4044942015483953	0.40403460052986045
500	0.41992882562277567	0.41828462968088886
500	0.422399441916509	0.4220409322582168
500	0.42655938819405725	0.42432836996769885
500	0.40517666459190504	0.4039454468553735
500	0.41035761173818613	0.4090240157824817
500	0.4102613098934695	0.41014960492217656
500	0.3988599883116782	0.3988599883116782
500	0.40738658270145234	0.4063237075285268
500	0.4040473359560152	0.4040473359560152
500	0.40731345426697935	0.40711065802258717
500	0.4156528501932402	0.4153269576654597
500	0.3983071342200725	0.39717903510177927
500	0.4141762882790295	0.41201784891937815
500	0.41828871510930987	0.41562824301094003
500	0.42079517754792795	0.4156156917421888
500	0.4151420705847339	0.41220695294575294
500	0.4143099279857521	0.41303847588215237
500	0.42577173110657773	0.42498602175094297
500	0.41421844949930353	0.41057918494500606
500	0.4151599048446416	0.41228258194606504
500	0.41271506504406175	0.41163950570221375
500	0.40516683575245843	0.40488742493001445
